legacy_code,legacy_account_id,legacy_name,legacy_active,legacy_linked_contact_id,parent_code,line_count,sum_debit,sum_credit,net_dr_cr,derived_contact_code,derived_contact_id,derived_contact_name,derived_contact_type,ap_account_id,ap_code,ap_active,ap_linked_contact_id,ap_contact_type,verified_remap_to,ap_leaf_count_for_contact
210006,ea61f28d-f879-4778-85b9-6f9994dd0b8c,INR CARGO,f,"",2090,0,0.00,0.00,0.00,SUP-ZHD-0006,04c722a7-cd48-487a-83ba-7e57734d00df,INR CARGO,supplier,6b3ca6e5-5947-40de-b631-73ef352fde19,AP-SUPZHD0006,true,04c722a7-cd48-487a-83ba-7e57734d00df,supplier,AP-SUPZHD0006,1
210007,2fe47afc-ac2e-4b8d-8146-5741ca83d27a,DHL,f,"",2090,0,0.00,0.00,0.00,SUP-ZHD-0007,6ce5bed0-bd0a-495d-8841-19f90be6188c,DHL,courier,9c512049-6b68-4d2a-9516-27d43163efc4,AP-SUPZHD0007,true,6ce5bed0-bd0a-495d-8841-19f90be6188c,courier,AP-SUPZHD0007,1
210008,ea75c626-9634-41d0-8b6c-1a5543208349,SKY NET,t,1deab892-2354-46d3-88b9-d624174e1928,2090,10,950000.00,950000.00,0.00,SUP-ZHD-0008,1deab892-2354-46d3-88b9-d624174e1928,SKY NET,supplier,"","","","","","",0
210009,6895c074-f555-411f-8398-f8e07f966b51,ABRASH KRH,t,2ca8383f-5c1f-4b48-8692-7a557d5efab8,2090,6,811500.00,811500.00,0.00,SUP-ZHD-0009,2ca8383f-5c1f-4b48-8692-7a557d5efab8,ABRASH KRH,supplier,"","","","","","",0
210010,b1a6f7f8-57cf-43c4-8a68-a6eb8716e41e,SLM BNRS ATLAS PURE,f,"",2090,0,0.00,0.00,0.00,SUP-ZHD-0010,e7ab5807-7e01-4cf8-8745-cb383c8db474,SLM BNRS ATLAS PURE,supplier,9641654b-c41a-472f-b627-de434b19ca14,AP-SUPZHD0010,true,e7ab5807-7e01-4cf8-8745-cb383c8db474,supplier,AP-SUPZHD0010,1
210011,dda41f6b-497a-4e21-8a5c-a7c6f767cc72,ABC,f,"",2090,0,0.00,0.00,0.00,SUP-ZHD-0011,bd2b67a2-ba26-4652-8d14-3ca0791213b8,ABC,supplier,e6c4cbe6-9ea2-40e9-8500-f0fc33218eae,AP-SUPZHD0011,true,bd2b67a2-ba26-4652-8d14-3ca0791213b8,supplier,AP-SUPZHD0011,1
210012,23bcca1e-2dce-4627-83c1-6fde40c84f40,ADNAN GUJ,t,45491109-ccf5-4459-8f28-1d984c01e3ce,2090,3,235000.00,235000.00,0.00,SUP-ZHD-0012,45491109-ccf5-4459-8f28-1d984c01e3ce,ADNAN GUJ,supplier,"","","","","","",0
210013,0f0f6d7e-b0f7-465c-882b-b9690398d067,AHMED BHWL,f,"",2090,0,0.00,0.00,0.00,SUP-ZHD-0013,5cf9c422-5440-4cb1-859b-b1a4d7a0f461,AHMED BHWL,supplier,9053c710-6f29-4b3e-8776-25a97572cdc3,AP-SUPZHD0013,true,5cf9c422-5440-4cb1-859b-b1a4d7a0f461,supplier,AP-SUPZHD0013,1
210014,2a127b2f-ccd4-4b7d-8d35-345609222dcb,ALEF FSD,t,fbea6fba-81d4-4bf6-80ec-ad9dca695a35,2090,2,100000.00,100000.00,0.00,SUP-ZHD-0014,fbea6fba-81d4-4bf6-80ec-ad9dca695a35,ALEF FSD,supplier,"","","","","","",0
210015,e0222aed-795f-4fb0-81e6-2092c0dff5ce,AMIR BNRS,f,"",2090,0,0.00,0.00,0.00,SUP-ZHD-0015,8384b8e1-05da-4641-8196-c929d7ad1dc7,AMIR BNRS,supplier,4f296eff-2d68-4d37-b3d1-90edec56e198,AP-SUPZHD0015,true,8384b8e1-05da-4641-8196-c929d7ad1dc7,supplier,AP-SUPZHD0015,1
210016,f2095702-44ea-4447-8c19-a376f1860aec,AMNA ARTS,f,"",2090,0,0.00,0.00,0.00,SUP-ZHD-0016,d96862df-b514-4be0-8a33-d65c3b50f359,AMNA ARTS,supplier,c1d91ef8-7941-421c-bf99-ced8dcf85b1b,AP-SUPZHD0016,true,d96862df-b514-4be0-8a33-d65c3b50f359,supplier,AP-SUPZHD0016,1
210017,719c0bab-9484-4cff-84b8-8a0f0ffecffd,ARIF LHR,t,21e1ac76-b911-44a1-87dd-6283969efa4c,2090,24,1624000.00,1663937.00,-39937.00,SUP-ZHD-0017,21e1ac76-b911-44a1-87dd-6283969efa4c,ARIF LHR,supplier,"","","","","","",0
210018,b47080f9-55fb-42d6-8898-480bb98dec24,ATIQ KRH,t,046c5ab9-a81e-412a-8bce-a3a56f4810a1,2090,40,5403700.00,5414530.00,-10830.00,SUP-ZHD-0018,046c5ab9-a81e-412a-8bce-a3a56f4810a1,ATIQ KRH,supplier,"","","","","","",0
210019,707f1e7a-ce53-43ff-81ec-3a4b83239f39,BANZIR LHR,t,edf09e7e-842d-4f0d-8461-f962cf2ceaf4,2090,0,0.00,0.00,0.00,SUP-ZHD-0019,edf09e7e-842d-4f0d-8461-f962cf2ceaf4,BANZIR LHR,supplier,"","","","","","",0
210020,fee47d94-7b38-45e5-8509-b851682ffdce,BS EMB,t,ea798964-138e-44ce-8f76-0503ca2d2d98,2090,16,2112500.00,2112500.00,0.00,SUP-ZHD-0020,ea798964-138e-44ce-8f76-0503ca2d2d98,BS EMB,supplier,"","","","","","",0
210021,d00efdf3-14e8-4562-8463-0019058b3010,ZAMAN ARTS,f,"",2090,0,0.00,0.00,0.00,SUP-ZHD-0021,12983433-2d74-4322-8b0d-6db6fc298c03,ZAMAN ARTS,supplier,73a2c8e4-e5a6-43c7-b5eb-b24153923a59,AP-SUPZHD0021,true,12983433-2d74-4322-8b0d-6db6fc298c03,supplier,AP-SUPZHD0021,1
210022,e06ce604-6956-4f27-8298-a8e3ca4e5242,FAHAD LACE,f,"",2090,0,0.00,0.00,0.00,SUP-ZHD-0022,28ef9d8e-5e22-4455-81c3-fd81ad4bcf0c,FAHAD LACE,supplier,687b1c57-d486-4292-9ed5-6f9baf2e81c9,AP-SUPZHD0022,true,28ef9d8e-5e22-4455-81c3-fd81ad4bcf0c,supplier,AP-SUPZHD0022,1
210023,ec30b260-d387-42aa-8661-37d2e4d24d30,GHOSIA BNRS,t,792ca41f-b916-47f9-8486-fd62feeb7751,2090,9,225200.00,257900.00,-32700.00,SUP-ZHD-0023,792ca41f-b916-47f9-8486-fd62feeb7751,GHOSIA BNRS,supplier,"","","","","","",0
210024,f3db4632-0353-404a-834e-79c7b174be4d,GULZAR BNRS,f,"",2090,0,0.00,0.00,0.00,SUP-ZHD-0024,a8298f74-a3ac-4a39-8e5f-e9936da1ec01,GULZAR BNRS,supplier,02920ed7-f960-4a94-a0ba-762e2bc525f9,AP-SUPZHD0024,true,a8298f74-a3ac-4a39-8e5f-e9936da1ec01,supplier,AP-SUPZHD0024,1
210025,aa82695b-5395-498a-896e-07b7516b85f5,HBM,t,84cab9d3-6095-4349-8a96-fe3c1c6c14cb,2090,13,2225000.00,1989679.00,235321.00,SUP-ZHD-0025,84cab9d3-6095-4349-8a96-fe3c1c6c14cb,HBM,supplier,"","","","","","",0
210026,3f1440dd-2e2c-4439-8bb4-a9c54cb3af0c,IBRAHIM BNRS,f,"",2090,0,0.00,0.00,0.00,SUP-ZHD-0026,08592090-3e74-4b5e-8dd4-e06271f06391,IBRAHIM BNRS,supplier,2c56a1d1-e31d-433f-85af-ce3fd4729312,AP-SUPZHD0026,true,08592090-3e74-4b5e-8dd4-e06271f06391,supplier,AP-SUPZHD0026,1
210027,e11d244a-b96e-4128-8ca3-2bae5a4f813c,ID LACE,f,"",2090,0,0.00,0.00,0.00,SUP-ZHD-0027,d681fcf5-938f-4841-8a99-b83d59eb9375,ID LACE,supplier,30bbe521-5773-4985-8be1-0d336c56a6a3,AP-SUPZHD0027,true,d681fcf5-938f-4841-8a99-b83d59eb9375,supplier,AP-SUPZHD0027,1
210029,9ccd0be7-ad33-4f9c-8d6b-544206378c9d,INR,f,"",2090,0,0.00,0.00,0.00,SUP-ZHD-0029,dca27af9-494e-4c80-8f7b-29280157eb93,INR,supplier,a4508c84-6453-4abf-b9e2-79bc97f34f29,AP-SUPZHD0029,true,dca27af9-494e-4c80-8f7b-29280157eb93,supplier,AP-SUPZHD0029,1
210030,28ec1d13-9686-47a7-88a2-55451ad919ba,INR CARGO,t,9c87d72e-dc5e-4b49-82c6-8a366140376c,2090,14,1548000.00,1404000.00,144000.00,SUP-ZHD-0030,9c87d72e-dc5e-4b49-82c6-8a366140376c,INR CARGO,supplier,"","","","","","",0
210031,bedb3559-7288-4f50-8749-3f2363f5a4df,INR SLM,f,"",2090,0,0.00,0.00,0.00,SUP-ZHD-0031,8d273d96-126c-4634-8f1f-162fb4455b5f,INR SLM,supplier,5dc2d8bb-33f7-4e3c-929a-30090764faed,AP-SUPZHD0031,true,8d273d96-126c-4634-8f1f-162fb4455b5f,supplier,AP-SUPZHD0031,1
210032,590a815e-257c-407c-8be8-7dfd996efcd9,JOHRA,t,1a662e40-a5dc-4156-8550-cc4bd5c12a02,2090,47,3305350.00,3305360.00,-10.00,SUP-ZHD-0032,1a662e40-a5dc-4156-8550-cc4bd5c12a02,JOHRA,supplier,"","","","","","",0
210033,0e351f79-87f4-4b95-84c1-1ca95b4ea2e4,JVD BNRS,t,21199cad-b094-457e-8995-6d700209a462,2090,6,330000.00,334000.00,-4000.00,SUP-ZHD-0033,21199cad-b094-457e-8995-6d700209a462,JVD BNRS,supplier,"","","","","","",0
210034,4203b1bb-3fe0-494e-81cd-a4bf2aadb922,KHALID BHWL,t,8bd37a6d-d0eb-4495-8fb8-ac8517c00ff1,2090,0,0.00,0.00,0.00,SUP-ZHD-0034,8bd37a6d-d0eb-4495-8fb8-ac8517c00ff1,KHALID BHWL,supplier,"","","","","","",0
210035,93d5964c-912d-4201-88b9-828463c8acb3,KHALID SHAFOON,t,1aeb6e8c-c72b-4f64-897c-4b44628b24d8,2090,3,200000.00,216000.00,-16000.00,SUP-ZHD-0035,1aeb6e8c-c72b-4f64-897c-4b44628b24d8,KHALID SHAFOON,supplier,"","","","","","",0
210036,5a51df64-60bb-4018-8c0d-9a02a7d551b7,KIRAN MUKESH,f,"",2090,0,0.00,0.00,0.00,SUP-ZHD-0036,797ca8bb-5491-4827-8d6e-c7971d20a022,KIRAN MUKESH,worker,2c79df0c-12cb-4e6b-924c-e904ae774c11,AP-SUPZHD0036,true,797ca8bb-5491-4827-8d6e-c7971d20a022,worker,AP-SUPZHD0036,1
210037,fd710847-0e40-4948-829b-a2133ee8b933,MAJID KHTK,t,db376aa7-6e07-4690-891b-2b18d93aef30,2090,26,1438000.00,1557269.50,-119269.50,SUP-ZHD-0037,db376aa7-6e07-4690-891b-2b18d93aef30,MAJID KHTK,supplier,"","","","","","",0
210038,dbaf08b8-2520-49de-8561-e19ef2723a8a,MARJAN,t,fca93015-bbe8-49e6-8bd4-c7fccf20e2e7,2090,15,734500.00,733550.00,950.00,SUP-ZHD-0038,fca93015-bbe8-49e6-8bd4-c7fccf20e2e7,MARJAN,supplier,"","","","","","",0
210039,597ba678-ca49-42b5-8d2e-e7ec0163a6c4,NSR BNRS,f,"",2090,0,0.00,0.00,0.00,SUP-ZHD-0039,bfee4638-b750-46ef-8859-8852b5d1985c,NSR BNRS,supplier,a1a2a004-f0fb-4add-860a-8603c815ad30,AP-SUPZHD0039,true,bfee4638-b750-46ef-8859-8852b5d1985c,supplier,AP-SUPZHD0039,1
210040,6e8c9aac-e904-4344-8292-f1599ab6ff3e,QADAR SHAH,t,60c1c8ca-15f7-43aa-8c30-edab83af534c,2090,0,0.00,0.00,0.00,SUP-ZHD-0040,60c1c8ca-15f7-43aa-8c30-edab83af534c,QADAR SHAH,supplier,"","","","","","",0
210041,7f74bc1e-0b4c-4a28-8fd9-8c86bd70874c,QATRI INR,t,19e415d3-7c44-4599-8da1-ac4558c20425,2090,22,9276909.00,7576909.00,1700000.00,SUP-ZHD-0041,19e415d3-7c44-4599-8da1-ac4558c20425,QATRI INR,supplier,"","","","","","",0
210042,a278c21d-290a-465c-8683-07caa749110c,RABIA INR,t,d141b1ef-3739-42c3-8ebe-a06a55aa7525,2090,0,0.00,0.00,0.00,SUP-ZHD-0042,d141b1ef-3739-42c3-8ebe-a06a55aa7525,RABIA INR,supplier,"","","","","","",0
210043,a6f49fe5-e73e-474e-89ea-4e90873aced1,RAFIQ LACE,t,7962082b-af1b-475f-844a-d26dbd652324,2090,8,296000.00,276070.00,19930.00,SUP-ZHD-0043,7962082b-af1b-475f-844a-d26dbd652324,RAFIQ LACE,supplier,"","","","","","",0
210044,86bf3028-3212-4402-8ae1-f5b08d7766c4,SADOZE LACE KRH,t,2cad4765-b680-4276-851c-1f0c9a2fbd8c,2090,0,0.00,0.00,0.00,SUP-ZHD-0044,2cad4765-b680-4276-851c-1f0c9a2fbd8c,SADOZE LACE KRH,supplier,"","","","","","",0
210045,d5229d84-4f5d-4dce-8463-9a5e52133511,SHAH FS2,t,b8225f6b-405b-40d0-84c8-511524dafdce,2090,9,990000.00,990690.00,-690.00,SUP-ZHD-0045,b8225f6b-405b-40d0-84c8-511524dafdce,SHAH FS2,supplier,"","","","","","",0
210046,9d105e58-7654-49e5-861d-02d023d0c1c4,SHAHMIM NAZ,f,"",2090,0,0.00,0.00,0.00,SUP-ZHD-0046,f902a1f8-cc8a-4508-8c47-beb1850da1ed,SHAHMIM NAZ,worker,4d6a9b2f-e471-42ae-8063-c8b2d261967a,AP-SUPZHD0046,true,f902a1f8-cc8a-4508-8c47-beb1850da1ed,worker,AP-SUPZHD0046,1
210047,7714e513-801e-4b2e-84c2-105d16f6449f,SHEEBA INR,t,7603f21d-7649-4a7d-8f7d-8f4becd447fe,2090,34,9488300.00,9488300.00,0.00,SUP-ZHD-0047,7603f21d-7649-4a7d-8f7d-8f4becd447fe,SHEEBA INR,supplier,"","","","","","",0
210048,06055d60-7d24-43a8-8043-7484de22b755,UK FASHION,f,"",2090,0,0.00,0.00,0.00,SUP-ZHD-0048,08bd0ba0-45a5-4a29-8e2e-8b38669538e1,UK FASHION,supplier,121fc788-63dd-4ca8-a9b7-f7138db3aff5,AP-SUPZHD0048,true,08bd0ba0-45a5-4a29-8e2e-8b38669538e1,supplier,AP-SUPZHD0048,1
210049,f608d30c-5668-4fa1-8de3-55aba18b6500,ZABI LHR,f,"",2090,0,0.00,0.00,0.00,SUP-ZHD-0049,d651ba23-5e96-426e-8f93-b5a1ad2c18c1,ZABI LHR,supplier,f3d0c989-9ffe-4825-9153-1c09aab50439,AP-SUPZHD0049,true,d651ba23-5e96-426e-8f93-b5a1ad2c18c1,supplier,AP-SUPZHD0049,1
210050,8c19e1d5-6d4b-42a1-8c9b-1b3f37386fd5,ZIA BNRS,t,7e59e1f9-9c48-4786-8424-030a02041601,2090,32,2230000.00,2261885.00,-31885.00,SUP-ZHD-0050,7e59e1f9-9c48-4786-8424-030a02041601,ZIA BNRS,supplier,"","","","","","",0
210051,faaf5571-320f-4e0b-8023-b3ac35f964af,WALI CHINA,t,1549ea59-0c0c-4e74-88a7-68fb5036e74e,2090,5,1550000.00,0.00,1550000.00,SUP-ZHD-0051,1549ea59-0c0c-4e74-88a7-68fb5036e74e,WALI CHINA,supplier,"","","","","","",0
210053,6c59fc71-9350-4185-82f4-f1a82bf16dea,SHERAZ KHTAK,t,2a203369-1d7a-4fc9-8f84-f46b315769c8,2090,97,4182770.00,10326145.00,-6143375.00,SUP-ZHD-0053,2a203369-1d7a-4fc9-8f84-f46b315769c8,SHERAZ KHTAK,supplier,"","","","","","",0
210054,84384641-9bd9-4c64-8caa-42783721e65b,ABDULLAH KHTK,t,f133f09a-9ca0-4017-8367-bbc71653b37b,2090,69,2280000.00,3952116.00,-1672116.00,SUP-ZHD-0054,f133f09a-9ca0-4017-8367-bbc71653b37b,ABDULLAH KHTK,supplier,"","","","","","",0
210055,ebb7f8ce-ca9d-4a6f-8338-24ed38bb2afa,CLASSIC LAWN,t,db98d69d-8b0e-4903-881b-d581358d9a77,2090,2,153500.00,153500.00,0.00,SUP-ZHD-0055,db98d69d-8b0e-4903-881b-d581358d9a77,CLASSIC LAWN,supplier,"","","","","","",0
210056,56968bba-ab61-4ada-8ce5-9c5cb0d290ad,JVD AFZ,t,708645b7-3c73-4bbd-87e4-7050394b2d4d,2090,17,515500.00,524134.00,-8634.00,SUP-ZHD-0056,708645b7-3c73-4bbd-87e4-7050394b2d4d,JVD AFZ,supplier,"","","","","","",0
210057,e2c7c64a-d38e-41e9-8e2a-e59317556bea,RAIZ ARTS,t,4b5c460b-8a4f-4a00-88c4-05706456691a,2090,77,10258740.00,10513622.00,-254882.00,SUP-ZHD-0057,4b5c460b-8a4f-4a00-88c4-05706456691a,RAIZ ARTS,supplier,"","","","","","",0
210058,e2cbfd14-87bd-4f22-8685-3196b60e8c20,SHAFI SONS,t,f6c07917-868f-4340-817f-ff7b6f2d28f0,2090,6,635250.00,635250.00,0.00,SUP-ZHD-0058,f6c07917-868f-4340-817f-ff7b6f2d28f0,SHAFI SONS,supplier,"","","","","","",0
210059,d02c34bc-0367-46c7-8f3c-e1e6145bb85f,KARACHI BOTIQUE,t,99737de1-f9ab-47c2-8467-dba7bc2de795,2090,12,758550.00,759885.00,-1335.00,SUP-ZHD-0059,99737de1-f9ab-47c2-8467-dba7bc2de795,KARACHI BOTIQUE,supplier,"","","","","","",0
210060,f85a6e56-f828-4e1b-8256-c9f7f18a0239,MARYAM NSR KHTK,t,7b4a6c4d-9993-467f-8777-367d5d15ecde,2090,93,2371000.00,3739082.00,-1368082.00,SUP-ZHD-0060,7b4a6c4d-9993-467f-8777-367d5d15ecde,MARYAM NSR KHTK,supplier,"","","","","","",0
210061,6d66818a-a824-48f3-8693-e974e4c5ae28,NASIR & SONS BNRS,t,4f0e4fdd-29a2-48bb-8aa6-4d0e1ab9ef21,2090,72,5181650.00,5229368.00,-47718.00,SUP-ZHD-0061,4f0e4fdd-29a2-48bb-8aa6-4d0e1ab9ef21,NASIR & SONS BNRS,supplier,"","","","","","",0
210062,8d37b03e-3f40-4450-81e3-6d85011497f6,DIN SILK IMPORTED PURCHASE,f,"",2090,0,0.00,0.00,0.00,SUP-ZHD-0062,67f9b56c-1a2e-430d-87cf-7e3e91642d2f,DIN SILK IMPORTED PURCHASE,supplier,a4143cf1-9d97-472e-9428-e194c8661ccf,AP-SUPZHD0062,true,67f9b56c-1a2e-430d-87cf-7e3e91642d2f,supplier,AP-SUPZHD0062,1
210063,4f32027a-1867-41a2-80c0-82d67ac22614,SHEENA FR,t,babf3d99-b4a9-4d72-8eec-7f855711b61b,2090,11,312000.00,332462.00,-20462.00,SUP-ZHD-0063,babf3d99-b4a9-4d72-8eec-7f855711b61b,SHEENA FR,supplier,"","","","","","",0
210064,6a2101b0-3541-47e5-87f7-f533b5dbf683,BANZER SILK,t,713860ed-5623-401e-8df9-1c9cffe98ca8,2090,9,226500.00,228300.00,-1800.00,SUP-ZHD-0064,713860ed-5623-401e-8df9-1c9cffe98ca8,BANZER SILK,supplier,"","","","","","",0
210065,bd800649-f349-4ec8-8c94-70673b8166bd,SUBRANG,f,"",2090,0,0.00,0.00,0.00,SUP-ZHD-0065,88868769-efd8-4684-8073-113556a21453,SUBRANG,supplier,f2c0ea0f-44ea-4dd9-a3d0-b374fc9c56e1,AP-SUPZHD0065,true,88868769-efd8-4684-8073-113556a21453,supplier,AP-SUPZHD0065,1
210066,e7b3fb52-fdac-4093-8af5-706640c0dfc8,ASIM GUJ,t,2fcf397f-b116-4ca5-859c-72641290a23e,2090,21,2929000.00,3178225.00,-249225.00,SUP-ZHD-0066,2fcf397f-b116-4ca5-859c-72641290a23e,ASIM GUJ,supplier,"","","","","","",0
210067,499519d8-2089-4e85-8763-4aa85caf451b,HAFIZ GUJ,t,8d86cc83-3990-4ba0-8145-b1ac4491077b,2090,6,1000580.00,1000580.00,0.00,SUP-ZHD-0067,8d86cc83-3990-4ba0-8145-b1ac4491077b,HAFIZ GUJ,supplier,"","","","","","",0
210068,51bbfc5a-88a1-459b-825e-422b880b6775,SHAAN ARTS,t,31ae6812-f258-4963-8153-34d8f1347da0,2090,2,79000.00,79000.00,0.00,SUP-ZHD-0068,31ae6812-f258-4963-8153-34d8f1347da0,SHAAN ARTS,supplier,"","","","","","",0
210069,fbfe1edf-3edf-4d42-8dff-0fb3a693cebc,MUNA BNRS,f,"",2090,0,0.00,0.00,0.00,SUP-ZHD-0069,29889085-19b3-48af-8c42-e035b4b1c56a,MUNA BNRS,supplier,322dd1e8-d16b-410c-a733-1126c49d59b5,AP-SUPZHD0069,true,29889085-19b3-48af-8c42-e035b4b1c56a,supplier,AP-SUPZHD0069,1
210070,d7e7fd62-2dbf-4058-81ea-845f696ff000,CASH PURCHASE,t,8c338bd5-c6f9-4048-8435-21af28f04b96,2090,30,1810440.00,1887059.00,-76619.00,SUP-ZHD-0070,8c338bd5-c6f9-4048-8435-21af28f04b96,CASH PURCHASE,supplier,"","","","","","",0
210072,f442c8e1-ad95-439f-8c9c-5c8445968003,IMRAN SULMAN BNRS,t,26645aeb-b428-4439-88cf-c1692f1d7735,2090,5,480000.00,489900.00,-9900.00,SUP-ZHD-0072,26645aeb-b428-4439-88cf-c1692f1d7735,IMRAN SULMAN BNRS,supplier,"","","","","","",0
210073,9d522774-7e8b-40b9-88e5-88a595cb3c92,GHULM LACE,t,9472d163-b32c-49dc-8866-ca1b7b2e47d9,2090,2,56000.00,58318.00,-2318.00,SUP-ZHD-0073,9472d163-b32c-49dc-8866-ca1b7b2e47d9,GHULM LACE,supplier,"","","","","","",0
210074,6cd168e3-69c4-4545-89ce-80b773c03c1b,HAMID KHTK,t,e1bb9929-64e1-4c1f-88e0-5fdc418f15b2,2090,4,60000.00,60000.00,0.00,SUP-ZHD-0074,e1bb9929-64e1-4c1f-88e0-5fdc418f15b2,HAMID KHTK,supplier,"","","","","","",0
210075,81e42c38-2529-45e4-84cd-d031a93b0654,LALA GEE,t,621497ff-f7f0-44e7-8f44-dcdfb9e51145,2090,5,110200.00,111720.00,-1520.00,SUP-ZHD-0075,621497ff-f7f0-44e7-8f44-dcdfb9e51145,LALA GEE,supplier,"","","","","","",0
210077,c6faf5c8-7d03-4f0f-8839-aa7d6acda37f,IZHAR VELVET,f,"",2090,0,0.00,0.00,0.00,SUP-ZHD-0077,bf36a4d0-e9e0-4037-8505-6d545e652bcb,IZHAR VELVET,supplier,77972faf-753f-4b5b-8cfd-d52872a74cd1,AP-SUPZHD0077,true,bf36a4d0-e9e0-4037-8505-6d545e652bcb,supplier,AP-SUPZHD0077,1
210081,3473dd4f-b379-4a0b-8bcb-d4acee5e3326,SKT GAZI,f,"",2090,0,0.00,0.00,0.00,SUP-ZHD-0081,6c435345-4751-40a7-86a2-bfc108252e93,SKT GAZI,supplier,2f5caefe-3f29-4284-90a9-c9aaf41a9df5,AP-SUPZHD0081,true,6c435345-4751-40a7-86a2-bfc108252e93,supplier,AP-SUPZHD0081,1
210082,e996135f-ca65-4fca-838d-5ac191e6f43a,GHULAM LACE,t,4aca015b-fcdf-47b5-85f3-1ac7dcd3a9d8,2090,0,0.00,0.00,0.00,SUP-ZHD-0082,4aca015b-fcdf-47b5-85f3-1ac7dcd3a9d8,GHULAM LACE,supplier,"","","","","","",0
210084,6d00f0c4-9eee-476f-870a-598ff025486e,WALI SARDAR,f,"",2090,0,0.00,0.00,0.00,SUP-ZHD-0084,b0826d8b-bf51-487c-89fc-b0f0178c5766,WALI SARDAR,supplier,12e5d3f5-2e8f-4487-b4e1-86468695b3bd,AP-SUPZHD0084,true,b0826d8b-bf51-487c-89fc-b0f0178c5766,supplier,AP-SUPZHD0084,1
210085,b4c49147-fc1e-4677-87bd-3aa0899963fd,SLM INR,t,087c6eb0-bbbe-4c07-8a0f-a986d2385034,2090,0,0.00,0.00,0.00,SUP-ZHD-0085,087c6eb0-bbbe-4c07-8a0f-a986d2385034,SLM INR,supplier,"","","","","","",0
210086,a7eb8f9c-698f-4f45-83dc-da9eabe52431,TISSU ZARI,t,f9aff7ba-cf76-45dc-83e1-949b6eb3dbc9,2090,2,17750.00,17750.00,0.00,SUP-ZHD-0086,f9aff7ba-cf76-45dc-83e1-949b6eb3dbc9,TISSU ZARI,supplier,"","","","","","",0
210087,52e3636e-a849-409e-8fa5-52bdd4b0b9f1,ARSHI INR,t,175720cd-34f6-44ac-8b48-7ecc91581066,2090,18,7695591.00,7321591.00,374000.00,SUP-ZHD-0087,175720cd-34f6-44ac-8b48-7ecc91581066,ARSHI INR,supplier,"","","","","","",0
210088,7f831f90-592e-4aa9-8599-43d172a74ae7,ANDLEEB JMU INR,t,7d51c0d5-0c89-4896-84af-8c239e03c822,2090,4,845000.00,845000.00,0.00,SUP-ZHD-0088,7d51c0d5-0c89-4896-84af-8c239e03c822,ANDLEEB JMU INR,supplier,"","","","","","",0
210089,4a3bfc83-b79d-4d2c-8ec2-bc9efb8d31de,AL FAJAR SLM,f,"",2090,0,0.00,0.00,0.00,SUP-ZHD-0089,fe93348c-ff8e-4a7a-83e7-f38825f584d2,AL FAJAR SLM,supplier,69675ea1-9a75-4fea-a333-65fd9485ca73,AP-SUPZHD0089,true,fe93348c-ff8e-4a7a-83e7-f38825f584d2,supplier,AP-SUPZHD0089,1
210090,a346d343-e3d3-4670-83f1-87be3fa53080,PAERL LACE,t,ec6c4ef3-0a67-4142-8dff-f9c34dc96d59,2090,2,45000.00,45000.00,0.00,SUP-ZHD-0090,ec6c4ef3-0a67-4142-8dff-f9c34dc96d59,PAERL LACE,supplier,"","","","","","",0
210091,5aa932e0-e428-471a-8fdf-cdc6a323f9b8,HASSAN BNRS,f,"",2090,0,0.00,0.00,0.00,SUP-ZHD-0091,0d290400-682c-4b6c-8269-b35cd09afd11,HASSAN BNRS,supplier,6fa3875c-61cd-4d58-b289-27b29b8c81da,AP-SUPZHD0091,true,0d290400-682c-4b6c-8269-b35cd09afd11,supplier,AP-SUPZHD0091,1
210092,b57a93b5-a4fb-4511-8769-4daf909b84e1,NOOR BNRS,t,eae76790-bd5e-418f-8806-0d34d0c65655,2090,35,3261287.00,3687287.00,-426000.00,SUP-ZHD-0092,eae76790-bd5e-418f-8806-0d34d0c65655,NOOR BNRS,supplier,"","","","","","",0
210093,202da626-ed1d-4be1-8196-38655a82358f,SARA BNRS,f,"",2090,0,0.00,0.00,0.00,SUP-ZHD-0093,544d492f-279e-4275-8998-bfab9e199ec7,SARA BNRS,supplier,4f927da0-a8bc-420e-b0e1-5e7effe1982e,AP-SUPZHD0093,true,544d492f-279e-4275-8998-bfab9e199ec7,supplier,AP-SUPZHD0093,1
210096,c20b5027-5fe7-48f7-820e-ca41c4a2bd1a,ALEEM BNRS,f,"",2090,0,0.00,0.00,0.00,SUP-ZHD-0096,e78d28fd-1d50-40b5-81aa-f82037ae910f,ALEEM BNRS,supplier,768a56d9-5830-4d09-bd99-8c30fb2431b3,AP-SUPZHD0096,true,e78d28fd-1d50-40b5-81aa-f82037ae910f,supplier,AP-SUPZHD0096,1
210097,149922b7-fb13-4525-8304-d7347d1cf65c,SHD,t,ca00f39e-0fc9-4192-8717-9beec55e2c3d,2090,14,5150000.00,4885808.00,264192.00,SUP-ZHD-0097,ca00f39e-0fc9-4192-8717-9beec55e2c3d,SHD,supplier,"","","","","","",0
210098,1a63e955-cf96-4d04-8e39-8320d972aa2c,SHIVAM INR,t,fc2b4c43-89d0-4555-830b-737bfe1aa4ed,2090,4,1412000.00,1412000.00,0.00,SUP-ZHD-0098,fc2b4c43-89d0-4555-830b-737bfe1aa4ed,SHIVAM INR,supplier,"","","","","","",0
210099,12e981a7-f92b-483d-8cbf-e0b34f1a9aa2,MARINE LHR,t,60f8f5f3-af82-408b-85d3-22b9055d7587,2090,7,298500.00,330700.00,-32200.00,SUP-ZHD-0099,60f8f5f3-af82-408b-85d3-22b9055d7587,MARINE LHR,supplier,"","","","","","",0
210101,bfc3f182-c391-4722-87ab-836f1d86a483,SHABIR TR,f,"",2090,0,0.00,0.00,0.00,SUP-ZHD-0101,ea70aa15-b744-49ea-8af4-e811b4c46a13,SHABIR TR,supplier,74c8e15c-17fc-4f63-b00c-1f01dd191f81,AP-SUPZHD0101,true,ea70aa15-b744-49ea-8af4-e811b4c46a13,supplier,AP-SUPZHD0101,1
210121,17d36fab-46e1-412b-8e73-6cee64f4837f,HM IKRAM,t,1efcdc2a-e9d2-4a8e-89cb-120782a2ceff,2090,8,237000.00,237950.00,-950.00,SUP-ZHD-0121,1efcdc2a-e9d2-4a8e-89cb-120782a2ceff,HM IKRAM,supplier,"","","","","","",0
210122,b8bcf827-7b12-4109-8273-10f52b4527d4,AHMED BNRS,t,bc61d384-820d-489b-805d-a2f849f5a858,2090,2,105000.00,110000.00,-5000.00,SUP-ZHD-0122,bc61d384-820d-489b-805d-a2f849f5a858,AHMED BNRS,supplier,"","","","","","",0
210123,0e64b3f6-7fc4-4cd7-8bf1-facbc8aca3f5,HS LACE,t,e7df1340-0b33-48c8-8473-e06b35878fe9,2090,9,168000.00,169625.00,-1625.00,SUP-ZHD-0123,e7df1340-0b33-48c8-8473-e06b35878fe9,HS LACE,supplier,"","","","","","",0
210124,be710a8e-a80f-4339-8ba0-12dd1925a899,SARMAD BNRS,t,2797e326-7a62-45a0-8329-8a10715f84db,2090,2,142000.00,148299.00,-6299.00,SUP-ZHD-0124,2797e326-7a62-45a0-8329-8a10715f84db,SARMAD BNRS,supplier,"","","","","","",0
210125,43cc5a36-de2f-4ea9-8407-04e812ca7695,HAFIZ SUFYAN GUJ,f,"",2090,0,0.00,0.00,0.00,SUP-ZHD-0125,867bc8d3-28c7-471b-80bc-6cfc97afe61f,HAFIZ SUFYAN GUJ,supplier,ed742718-5dec-4d59-a1a4-3b112745daf7,AP-SUPZHD0125,true,867bc8d3-28c7-471b-80bc-6cfc97afe61f,supplier,AP-SUPZHD0125,1
210126,0a434ea1-dc28-40d7-8878-eba9d122bf57,HAFIZ SAEED BNRS,t,251ec78b-335f-4291-8807-85fb59da7de8,2090,118,9331493.00,10132316.00,-800823.00,SUP-ZHD-0126,251ec78b-335f-4291-8807-85fb59da7de8,HAFIZ SAEED BNRS,supplier,"","","","","","",0
210127,a4a2a7cd-b529-4e4b-8744-1a177eee34c1,SALEEM BAHWL,t,122cbdbf-3119-463f-8358-86cf20f041e8,2090,4,535000.00,350000.00,185000.00,SUP-ZHD-0127,122cbdbf-3119-463f-8358-86cf20f041e8,SALEEM BAHWL,supplier,"","","","","","",0
210128,1da95543-be0b-4d5c-847a-c9c01ba9ffc9,KASHIF BAHWL,t,9952a870-ed1c-4ed5-86d2-367285a6b7f5,2090,2,115000.00,115000.00,0.00,SUP-ZHD-0128,9952a870-ed1c-4ed5-86d2-367285a6b7f5,KASHIF BAHWL,supplier,"","","","","","",0
210129,e914121f-aa31-45d4-8939-0fd5d1fb3310,SHELIA MUKESH,t,b5eabb4d-efbc-440e-8e54-f0d23d73912a,2090,2,200000.00,200000.00,0.00,SUP-ZHD-0129,b5eabb4d-efbc-440e-8e54-f0d23d73912a,SHELIA MUKESH,supplier,"","","","","","",0
210130,fb9cdbba-8545-438c-8ce8-eb5f7c7bfd62,YADGAR BAHWL,t,3afef9ef-b014-44e9-8cc3-c6930d15062d,2090,2,290000.00,290000.00,0.00,SUP-ZHD-0130,3afef9ef-b014-44e9-8cc3-c6930d15062d,YADGAR BAHWL,supplier,"","","","","","",0
210131,981bb03c-e517-479f-8b30-4c4b64cf11d6,TAHIRA MULTAN,t,2c1510b5-863c-40f8-8f24-8e0db7a319dd,2090,2,500000.00,500000.00,0.00,SUP-ZHD-0131,2c1510b5-863c-40f8-8f24-8e0db7a319dd,TAHIRA MULTAN,supplier,"","","","","","",0
210135,74e8d28b-0612-4333-8743-cfa17780a36c,RASHID MUKESH,t,1d750780-997a-44ce-86b3-5876582e469a,2090,7,1400000.00,300000.00,1100000.00,SUP-ZHD-0135,1d750780-997a-44ce-86b3-5876582e469a,RASHID MUKESH,supplier,"","","","","","",0
210136,ed9a91f7-7e24-453d-8ac1-4e01cf6646a4,AMJID KG SLM,t,14b905e8-2de6-4b85-8d7c-21efbc65dbe9,2090,10,3400000.00,2200000.00,1200000.00,SUP-ZHD-0136,14b905e8-2de6-4b85-8d7c-21efbc65dbe9,AMJID KG SLM,supplier,"","","","","","",0
210137,ea65ee8e-a8ec-4a79-8ca7-c2d46d3cac4d,MALIK SHWL INR,t,ca51037b-2f84-48af-8d58-4e69e9fa1ee1,2090,2,1497000.00,1497000.00,0.00,SUP-ZHD-0137,ca51037b-2f84-48af-8d58-4e69e9fa1ee1,MALIK SHWL INR,supplier,"","","","","","",0
210138,14aaa4ec-2d38-46c1-8029-18e43b6e2c6c,SILKO GUJ,t,973ffe2f-adb5-4e82-8e9d-8053e09cee3c,2090,2,300000.00,300000.00,0.00,SUP-ZHD-0138,973ffe2f-adb5-4e82-8e9d-8053e09cee3c,SILKO GUJ,supplier,"","","","","","",0
210139,aadb7324-5799-4f68-8bbb-1927ebb1c217,SR BUTTON SLM,t,af8e5f20-4c5f-4d96-80b0-9f14be3df15b,2090,8,264000.00,208500.00,55500.00,SUP-ZHD-0139,af8e5f20-4c5f-4d96-80b0-9f14be3df15b,SR BUTTON SLM,supplier,"","","","","","",0
210140,4c499147-3024-42ad-8fc0-b8db36610144,GALAXY LACE,f,"",2090,0,0.00,0.00,0.00,SUP-ZHD-0140,f974b0e6-1e82-4738-8c9c-d6aaaeebc4a2,GALAXY LACE,supplier,11ac1efb-fb5e-4053-80c3-81307504142b,AP-SUPZHD0140,true,f974b0e6-1e82-4738-8c9c-d6aaaeebc4a2,supplier,AP-SUPZHD0140,1
210141,326c3c62-eb18-4c3d-8e06-d66ea86569ac,ALL U DIN BNRS,f,"",2090,0,0.00,0.00,0.00,SUP-ZHD-0141,cc71d22a-5c4c-4a4f-8261-1e3fe2f42d37,ALL U DIN BNRS,supplier,7f289fb7-95c4-4f16-ae65-6ff7d423c9a7,AP-SUPZHD0141,true,cc71d22a-5c4c-4a4f-8261-1e3fe2f42d37,supplier,AP-SUPZHD0141,1
210142,4203554e-1b1b-4086-83b2-1a362904ad97,SILK ASIA BNRS,t,2cb9594f-6bbb-4cf3-8ef2-927dcf722017,2090,2,38000.00,38000.00,0.00,SUP-ZHD-0142,2cb9594f-6bbb-4cf3-8ef2-927dcf722017,SILK ASIA BNRS,supplier,"","","","","","",0
210143,f2660b41-3fa2-475c-8147-e42ff56844bb,NAEEM KG SLM,t,54a82376-64ce-47c1-8194-223d43575d68,2090,2,170000.00,170000.00,0.00,SUP-ZHD-0143,54a82376-64ce-47c1-8194-223d43575d68,NAEEM KG SLM,supplier,"","","","","","",0
210144,93641f7b-1248-439d-811a-5c1e70ea5ef8,ALI BLOCK PRINT SLM,t,c47bbc7e-be81-4a10-8ff7-959f83d0f9f4,2090,5,500000.00,492100.00,7900.00,SUP-ZHD-0144,c47bbc7e-be81-4a10-8ff7-959f83d0f9f4,ALI BLOCK PRINT SLM,supplier,"","","","","","",0
210145,67b557e4-b9c1-4a35-83d3-c6d34f265cc8,SHABIR LWN FSD,t,c0211059-b6d9-4e7d-84f7-0bafc02e14c8,2090,2,232000.00,232000.00,0.00,SUP-ZHD-0145,c0211059-b6d9-4e7d-84f7-0bafc02e14c8,SHABIR LWN FSD,supplier,"","","","","","",0
210148,6a73865a-8071-4374-89e2-d54b20814454,NSR EMB LHR,t,59bd7002-a07b-45c2-8c6c-cd19edb2abea,2090,7,523000.00,15120.00,507880.00,SUP-ZHD-0148,59bd7002-a07b-45c2-8c6c-cd19edb2abea,NSR EMB LHR,supplier,"","","","","","",0
210149,9c34c779-6077-4383-871b-93b601c5314e,ALAM BNRS,f,"",2090,0,0.00,0.00,0.00,SUP-ZHD-0149,c05df89a-45d2-47f9-8061-d2a81e88b533,ALAM BNRS,supplier,844b2c33-e427-4699-8337-f00aed6b89c3,AP-SUPZHD0149,true,c05df89a-45d2-47f9-8061-d2a81e88b533,supplier,AP-SUPZHD0149,1
210150,912c81c3-7f11-4ed6-852a-c783bf11bc8b,ALI RASHEED,t,bceb5cbb-ddab-4d19-89e0-1075a934fde9,2090,4,90000.00,90000.00,0.00,SUP-ZHD-0150,bceb5cbb-ddab-4d19-89e0-1075a934fde9,ALI RASHEED,supplier,"","","","","","",0
210151,ae87cf15-4841-46b8-8644-55a95f4573af,NEW,t,a1dacda3-26ca-415d-8ae3-a1c99030a7bf,2090,0,0.00,0.00,0.00,SUP-ZHD-0151,a1dacda3-26ca-415d-8ae3-a1c99030a7bf,NEW,supplier,"","","","","","",0
210152,67cc044d-20b9-42b7-817a-b10b1399b909,THAI CLOTH NOW,f,"",2090,0,0.00,0.00,0.00,SUP-ZHD-0152,9eeb3036-d957-481b-823e-8ef1a279cb60,THAI CLOTH NOW,supplier,5d1d5d98-592e-4217-acc5-1a4c5b97bd5a,AP-SUPZHD0152,true,9eeb3036-d957-481b-823e-8ef1a279cb60,supplier,AP-SUPZHD0152,1
210154,36b925b9-a512-4131-8ae7-cb6507ff55e2,JAMSHID KHTK,t,daf7f2e8-24b3-4682-8a4a-8746ec334d9f,2090,34,804500.00,2566591.00,-1762091.00,SUP-ZHD-0154,daf7f2e8-24b3-4682-8a4a-8746ec334d9f,JAMSHID KHTK,supplier,"","","","","","",0
210155,e933a77d-090a-4383-81b4-c87adad95a4f,QASIR MUKESH,t,3b44922d-3de8-4a62-80bb-79b51e7ad5fa,2090,5,424000.00,424000.00,0.00,SUP-ZHD-0155,3b44922d-3de8-4a62-80bb-79b51e7ad5fa,QASIR MUKESH,supplier,"","","","","","",0
210156,e4a8e150-57e9-49ab-8457-c99b18efeafb,MH,t,a1b4ca41-8f75-439d-84d4-f83294eaad16,2090,6,594000.00,594201.00,-201.00,SUP-ZHD-0156,a1b4ca41-8f75-439d-84d4-f83294eaad16,MH,supplier,"","","","","","",0
210158,07ff3fc7-9bab-498e-843f-563cffc99a99,PAKCHINA,t,a3008fbf-4f4f-409b-83ab-fc8845344ea9,2090,1,0.00,61614.00,-61614.00,SUP-ZHD-0158,a3008fbf-4f4f-409b-83ab-fc8845344ea9,PAKCHINA,supplier,"","","","","","",0
210165,2c1a392a-0d5e-437b-82a0-54e032a16c09,NICK AFZ,t,95d7d768-f2ed-44ab-806c-f09b9e337389,2090,7,1300000.00,1379540.00,-79540.00,SUP-ZHD-0165,95d7d768-f2ed-44ab-806c-f09b9e337389,NICK AFZ,supplier,"","","","","","",0
210167,2a392e1e-672e-479f-85b9-ff6e3f9bb5e6,ZAFAR SHWL LHR,t,aa25e1e8-ba3c-4956-8256-75f18d4c7304,2090,5,786000.00,718000.00,68000.00,SUP-ZHD-0167,aa25e1e8-ba3c-4956-8256-75f18d4c7304,ZAFAR SHWL LHR,supplier,"","","","","","",0
210168,2b84aa81-f0d9-46b5-8892-cf1e8b8cfa68,GMK UK CENTRE,t,a42db517-538e-4ace-89cc-2cd7d69fe478,2090,13,2000000.00,3072870.00,-1072870.00,SUP-ZHD-0168,a42db517-538e-4ace-89cc-2cd7d69fe478,GMK UK CENTRE,supplier,"","","","","","",0
210169,762d8532-a89b-4d82-83cc-19396538d91d,GMK NOOR UK,f,"",2090,0,0.00,0.00,0.00,SUP-ZHD-0169,fbedd4ae-56ad-479d-8bb3-dcdc97ab7aa2,GMK NOOR UK,supplier,70bbb899-85e5-4118-ab7f-8a1bd0814c4b,AP-SUPZHD0169,true,fbedd4ae-56ad-479d-8bb3-dcdc97ab7aa2,supplier,AP-SUPZHD0169,1
210170,a9e88740-a80c-4812-8b5e-e490ee77acf0,USMAN SHWALS LHR,t,c055d50c-bb13-4cb0-8e3b-1d2913aa90df,2090,1,0.00,189000.00,-189000.00,SUP-ZHD-0170,c055d50c-bb13-4cb0-8e3b-1d2913aa90df,USMAN SHWALS LHR,supplier,"","","","","","",0
210171,6da3b7ba-a36d-4d3d-8185-1f3173a1c236,RAHIM BNRS,t,e5188cb3-fe21-4cfc-8829-faa1649f51b0,2090,1,38000.00,0.00,38000.00,SUP-ZHD-0171,e5188cb3-fe21-4cfc-8829-faa1649f51b0,RAHIM BNRS,supplier,"","","","","","",0
210172,aa823daf-7463-42b9-8f55-c993fc6b6071,ASHRAF LACE,t,c1ec86e9-bb20-4257-87c9-fbddd7a7398b,2090,2,167000.00,167000.00,0.00,SUP-ZHD-0172,c1ec86e9-bb20-4257-87c9-fbddd7a7398b,ASHRAF LACE,supplier,"","","","","","",0
210173,6bf59b56-b9da-47bd-8aab-f62466651776,HAFIZ AWASIE THAIR GUJ,t,110abb31-9e47-4889-8eab-10782f27e937,2090,7,1036000.00,1499248.00,-463248.00,SUP-ZHD-0173,110abb31-9e47-4889-8eab-10782f27e937,HAFIZ AWASIE THAIR GUJ,supplier,"","","","","","",0
210174,8f4f4868-b67d-4f49-83b2-af077f05f472,AMIR SKT,t,a57c7e8b-5061-453b-890f-771e79e463c6,2090,12,1192000.00,1749350.00,-557350.00,SUP-ZHD-0174,a57c7e8b-5061-453b-890f-771e79e463c6,AMIR SKT,supplier,"","","","","","",0
210176,cae6546d-084d-4e7e-81ab-14280b8b6a04,KHURAM GUJ,t,9d4048e2-e5bd-41dd-891b-db002be97a13,2090,10,2967200.00,1823740.00,1143460.00,SUP-ZHD-0176,9d4048e2-e5bd-41dd-891b-db002be97a13,KHURAM GUJ,supplier,"","","","","","",0
210177,183ae8d8-75e6-4dd1-8398-788d343018a3,FAROOQ BNRS EMB,f,"",2090,0,0.00,0.00,0.00,SUP-ZHD-0177,5320dd3e-4d6c-4435-8f2d-ba772132cb26,FAROOQ BNRS EMB,supplier,9cb7a997-7473-4f8d-b4e5-708d72e86dd4,AP-SUPZHD0177,true,5320dd3e-4d6c-4435-8f2d-ba772132cb26,supplier,"",1
210178,54c32fb5-6280-41cf-81ae-6313572b0333,MOHSIN BNRS,f,"",2090,0,0.00,0.00,0.00,SUP-ZHD-0178,081d0286-49a3-48eb-8429-2123cd65698a,MOHSIN BNRS,supplier,6d4bb3fb-0b5a-46e6-9f5f-d541d3e7cfe3,AP-SUPZHD0178,true,081d0286-49a3-48eb-8429-2123cd65698a,supplier,AP-SUPZHD0178,1
210179,9e8292cf-a387-4f55-8ad2-febb4cb6b7d8,WALI SARDAR,t,59f1cdf3-0b3d-4b5c-8aca-5f927a5ef6d9,2090,1,0.00,255300.00,-255300.00,SUP-ZHD-0179,59f1cdf3-0b3d-4b5c-8aca-5f927a5ef6d9,WALI SARDAR,supplier,"","","","","","",0
210180,08ad8d5b-2237-4452-82f8-695f6c72aef8,HAMZA GUJ,t,c8aa0af1-5e0d-4a69-86bb-66c15f371737,2090,5,747000.00,558830.00,188170.00,SUP-ZHD-0180,c8aa0af1-5e0d-4a69-86bb-66c15f371737,HAMZA GUJ,supplier,"","","","","","",0
210181,818356fd-55b7-4eca-8fa1-58c6eb0a516b,PRINTED KARACHI,t,256af5fd-f555-4c0e-8073-d779ce6cc7cc,2090,3,805000.00,0.00,805000.00,SUP-ZHD-0181,256af5fd-f555-4c0e-8073-d779ce6cc7cc,PRINTED KARACHI,supplier,"","","","","","",0
210182,b7e593ba-9a87-46ac-8cf5-8f4d15317128,MAQSOOD KG,t,d3af3476-6aec-4b8a-8be2-28892a6324f9,2090,2,600000.00,0.00,600000.00,SUP-ZHD-0182,d3af3476-6aec-4b8a-8be2-28892a6324f9,MAQSOOD KG,supplier,"","","","","","",0
210184,d24566c2-a591-4abc-8516-ef0b8dee255b,SUFYAN GUJ,t,9cd099e3-de0b-411f-85b9-beb73a10ff8a,2090,4,430000.00,232000.00,198000.00,SUP-ZHD-0184,9cd099e3-de0b-411f-85b9-beb73a10ff8a,SUFYAN GUJ,supplier,"","","","","","",0
210185,d1205781-df40-4825-868d-1732a4e05ef6,LATIF MUKESH,t,800f1fd9-9237-4634-81da-6efbb688298e,2090,2,250000.00,0.00,250000.00,SUP-ZHD-0185,800f1fd9-9237-4634-81da-6efbb688298e,LATIF MUKESH,supplier,"","","","","","",0
