company_id,company_name,contact_code,contact_name,class,status,legacy_id,legacy_code,legacy_active,legacy_linked,legacy_open_lines,legacy_dr,legacy_cr,legacy_net_dr_minus_cr,ap_id,ap_code,ap_active,ap_open_lines,ap_dr,ap_cr,ap_net_dr_minus_cr,expected_ap_lines_after,expected_ap_net_after_dr_minus_cr,expected_legacy_lines_after,proposed_action,risks,notes
e08a04af-22a8-4869-9b4d-da31fce13158,DIN COLLECTION,SUP-ZHD-0026,IBRAHIM BNRS,B_post_merge_leftover,eligible,3f1440dd-2e2c-4439-8bb4-a9c54cb3af0c,210026,false,false,2,118275.00,0.00,118275.00,2c56a1d1-e31d-433f-85af-ce3fd4729312,AP-SUPZHD0026,true,269,35479441.00,40219970.00,-4740529.00,271,-4622254.00,0,Remap only line_ids 677c74de-b677-4a6f-877f-b13e0ac66aaa and 343c2586-2d86-4c24-9e03-3af493dada9d to AP; recalc balances; do not full re-merge,Stale inactive UUID posting path; 3 backup lines missing for this account,JE-0137/0138 created 2026-09-17 after Sept16 merge; preserve as JE not PAY; debit net is leftover routing not business error
e08a04af-22a8-4869-9b4d-da31fce13158,DIN COLLECTION,SUP-ZHD-0027,ID LACE,C_never_merged_dual,eligible,e11d244a-b96e-4128-8ca3-2bae5a4f813c,210027,true,true,87,6883354.00,6726657.00,156697.00,30bbe521-5773-4985-8be1-0d336c56a6a3,AP-SUPZHD0027,true,2,200000.00,0.00,200000.00,89,356697.00,0,Full legacy→AP remap + deactivate+unlink after owner OK + new backup,Chooser may show both until merge,Merchandise dual; not in owner worker/courier clarification; JE history on 210027 legitimate
e08a04af-22a8-4869-9b4d-da31fce13158,DIN COLLECTION,SUP-ZHD-0007,DHL,R_role_aware_hold,hold_role_verify,2fe47afc-ac2e-4b8d-8146-5741ca83d27a,210007,true,true,47,14425000.00,9925000.00,4500000.00,9c512049-6b68-4d2a-9516-27d43163efc4,AP-SUPZHD0007,true,1,200000.00,0.00,200000.00,,, ,Do NOT auto-remap 210007→AP; verify courier deposit vs AP role; keep contact type until explicit order; optional future: attribute across both accounts or map to 203x with owner OK,Debit net is valid courier advance/deposit pattern — not erroneous; do not merge with DHL PK,Owner: courier registered as supplier; deposits settle vs parcel charges; separate from DHL PK SUP-ZHD-0162
e08a04af-22a8-4869-9b4d-da31fce13158,DIN COLLECTION,SUP-ZHD-0036,KIRAN MUKESH,R_role_aware_hold,hold_role_verify,5a51df64-60bb-4018-8c0d-9a02a7d551b7,210036,true,true,67,12326000.00,10376000.00,1950000.00,2c79df0c-12cb-4e6b-924c-e904ae774c11,AP-SUPZHD0036,true,1,300000.00,0.00,300000.00,,, ,Do NOT auto-remap or change contact to worker; verify worker advance/charge path (1180/2010) vs keep AP; preserve JE advances,Debit net = advances pending settlement — valid; auto worker-control move forbidden from clarification alone,Owner: worker/artisan; advances vs work charges; DB may still be supplier
e08a04af-22a8-4869-9b4d-da31fce13158,DIN COLLECTION,SUP-ZHD-0046,SHAHMIM NAZ,R_role_aware_hold,hold_role_verify,9d105e58-7654-49e5-861d-02d023d0c1c4,210046,true,true,85,19136500.00,14436500.00,4700000.00,4d6a9b2f-e471-42ae-8063-c8b2d261967a,AP-SUPZHD0046,true,1,300000.00,0.00,300000.00,,, ,Do NOT auto-remap or change contact to worker; same as KIRAN — role-aware verify before any CoA move,Debit net = advances — valid not error,Owner: worker/artisan pattern
e08a04af-22a8-4869-9b4d-da31fce13158,DIN COLLECTION,SUP-ZHD-0177,FAROOQ BNRS EMB,A_already_clean,already_clean,183ae8d8-75e6-4dd1-8398-788d343018a3,210177,false,false,0,0,0,0,9cb7a997-7473-4f8d-b4e5-708d72e86dd4,AP-SUPZHD0177,true,28,,, ,28,,,No action,None,Sept16 FAROOQ merge verified; JE on AP preserved
e08a04af-22a8-4869-9b4d-da31fce13158,DIN COLLECTION,SUP-ZHD-0096,ALEEM BNRS,A_already_clean,already_clean,,210096,false,false,0,0,0,0,,AP-SUPZHD0096,true,184,,, ,184,,,No action,None,In Sept16 set; verified clean
e08a04af-22a8-4869-9b4d-da31fce13158,DIN COLLECTION,SUP-ZHD-0022,FAHAD LACE,A_already_clean,already_clean,,210022,false,false,0,0,0,0,,AP-SUPZHD0022,true,66,,, ,66,,,No action,None,In Sept16 set; verified clean
e08a04af-22a8-4869-9b4d-da31fce13158,DIN COLLECTION,SUP-ZHD-0162,DHL PK,E_blocked_courier_split,blocked,919a3a0a-f87d-4c1b-87d9-068810378b8c,2030162,true,true,14,,, ,88c0603a-2f96-4ed8-9956-9ff9b1128288,AP-SUPZHD0162,true,1,,, ,, ,Keep separate from DHL SUP-ZHD-0007; courier 2030 vs AP 2000 role split; no name merge,Different contact; combined name view must not fuse GL,Owner clarification: DHL and DHL PK remain separate
